{"cameraMode":{"drawMode":0,"name":"Shaded","section":"Shading Mode"},"sceneLighting":false,"audioPlay":false,"sceneViewState":{"showFog":true,"showMaterialUpdate":false,"showSkybox":true,"showFlares":true,"showImageEffects":true,"showParticleSystems":true},"in2DMode":false,"pivot":{"x":-28.555892944335939,"y":3.8515679836273195,"z":-166.33912658691407},"rotation":{"x":-0.2213382124900818,"y":-0.4727138578891754,"z":0.12398254126310349,"w":-0.8439072370529175},"size":587.6879272460938,"orthographic":false}