{"cameraMode":{"drawMode":0,"name":"Shaded","section":"Shading Mode"},"sceneLighting":false,"audioPlay":false,"sceneViewState":{"showFog":true,"showMaterialUpdate":false,"showSkybox":true,"showFlares":true,"showImageEffects":true,"showParticleSystems":true},"in2DMode":false,"pivot":{"x":0.09278976917266846,"y":31.01099967956543,"z":1.8615000247955323},"rotation":{"x":-0.0620824433863163,"y":0.696997344493866,"z":-0.0607922337949276,"w":-0.7117899060249329},"size":118.3762435913086,"orthographic":false}