{"cameraMode":{"drawMode":0,"name":"Shaded","section":"Shading Mode"},"sceneLighting":false,"audioPlay":false,"sceneViewState":{"showFog":true,"showMaterialUpdate":false,"showSkybox":true,"showFlares":true,"showImageEffects":true,"showParticleSystems":true},"in2DMode":false,"pivot":{"x":3.7165756225585939,"y":9.00394058227539,"z":-0.19936108589172364},"rotation":{"x":-0.17105287313461305,"y":2.2291858670087095e-7,"z":-9.147216673000003e-8,"w":-0.985261857509613},"size":16.310726165771486,"orthographic":false}