{"cameraMode":{"drawMode":0,"name":"Shaded","section":"Shading Mode"},"sceneLighting":false,"audioPlay":false,"sceneViewState":{"showFog":true,"showMaterialUpdate":false,"showSkybox":true,"showFlares":true,"showImageEffects":true,"showParticleSystems":true},"in2DMode":false,"pivot":{"x":0.13922566175460816,"y":62.119083404541019,"z":-0.6382584571838379},"rotation":{"x":-0.10629682242870331,"y":-0.7916586399078369,"z":0.14405862987041474,"w":-0.5841444730758667},"size":2.8919475078582765,"orthographic":false}