{"cameraMode":{"drawMode":0,"name":"Shaded","section":"Shading Mode"},"sceneLighting":false,"audioPlay":false,"sceneViewState":{"showFog":true,"showMaterialUpdate":false,"showSkybox":true,"showFlares":true,"showImageEffects":true,"showParticleSystems":true},"in2DMode":false,"pivot":{"x":-257.0762939453125,"y":8.84784984588623,"z":-338.9013671875},"rotation":{"x":-0.007727416697889566,"y":-0.9735507965087891,"z":0.22589844465255738,"w":-0.03330310061573982},"size":596.6403198242188,"orthographic":false}