{"cameraMode":{"drawMode":0,"name":"Shaded","section":"Shading Mode"},"sceneLighting":false,"audioPlay":false,"sceneViewState":{"showFog":true,"showMaterialUpdate":false,"showSkybox":true,"showFlares":true,"showImageEffects":true,"showParticleSystems":true},"in2DMode":false,"pivot":{"x":-0.011672353371977806,"y":61.91505432128906,"z":-0.5570855736732483},"rotation":{"x":0.18239708244800569,"y":0.7795109748840332,"z":-0.2643916606903076,"w":0.537764847278595},"size":0.6523820161819458,"orthographic":false}