{"cameraMode":{"drawMode":0,"name":"Shaded","section":"Shading Mode"},"sceneLighting":false,"audioPlay":false,"sceneViewState":{"showFog":true,"showMaterialUpdate":false,"showSkybox":true,"showFlares":true,"showImageEffects":true,"showParticleSystems":true},"in2DMode":false,"pivot":{"x":0.04430607706308365,"y":0.0055315494537353519,"z":0.0014019012451171876},"rotation":{"x":-0.012976208701729775,"y":-0.9731438159942627,"z":0.22272953391075135,"w":-0.05669570341706276},"size":4.325308322906494,"orthographic":false}