{"cameraMode":{"drawMode":0,"name":"Shaded","section":"Shading Mode"},"sceneLighting":false,"audioPlay":false,"sceneViewState":{"showFog":true,"showMaterialUpdate":false,"showSkybox":true,"showFlares":true,"showImageEffects":true,"showParticleSystems":true},"in2DMode":false,"pivot":{"x":3.6435089111328127,"y":3.425021171569824,"z":-175.37527465820313},"rotation":{"x":-0.1760857105255127,"y":-0.7124309539794922,"z":0.19257737696170808,"w":-0.6514214873313904},"size":866.46875,"orthographic":false}